Area,Year,Food Inflation Rate,Raw GDP,GDP Growth Rate,Overall Inflation Rate,Import Rate,Export Rate,Unemployment Rate
Albania,2012,2.4040868333333334,12319.779604,-4.430218,3.2,-6.93066930769312,0.293588275390633,13.376
Albania,2013,4.214607333333333,12776.280738,3.705432,3.2,-0.643629067879417,1.58899617671256,15.866
Albania,2014,2.2123846666666664,13228.240079,3.537487,3.2,4.7541405233849,-0.169636687451657,18.055
Albania,2015,4.294233333333334,11386.924853,-13.919579,3.2,-2.67446562002903,-2.25254023391722,17.193
Albania,2016,3.25461975,11861.356451,4.166459,3.2,5.97324842433984,7.57276906101264,15.418
Albania,2017,3.9245775,13019.729856,9.765943,3.2,6.62013997660738,12.9646313708102,13.616
Albania,2018,2.6909453333333335,15156.439968,16.411324,1.8,1.72526221131521,4.46629089537305,12.304
Albania,2019,2.91183975,15401.82608,1.619022,1.7,2.53606908290658,2.4800752980137,11.466
Albania,2020,3.6128725833333335,15162.734468,-1.552359,2.2,-19.7899334355707,-27.7255430085865,11.69
Albania,2021,3.894848166666667,17930.56704,18.254178,2.3,32.4588060321158,52.0973691827291,11.474
Albania,2022,11.792337000000002,18916.380686,5.49795,6.6,11.5172392295421,17.0424879813874,10.137
Austria,2012,3.2225968333333337,409425.234155,-5.032256,2.6,0.923404026186518,1.43769207737525,4.909
Austria,2013,3.466696,430068.712972,5.042063,2.1,0.768765084215289,0.632692932188903,5.367
Austria,2014,1.9644887500000001,441996.131737,2.773375,1.5,2.99765654470707,2.85529731190945,5.674
Austria,2015,0.8260683333333333,381817.565894,-13.61518,0.8,3.63868801137232,3.02656748041241,5.802
Austria,2016,0.7340299166666666,395568.644341,3.601478,1.0,3.72775163767881,2.99287644635618,6.064
Austria,2017,2.366326416666667,417261.151845,5.483879,2.2,5.25840789125702,4.89955416614674,5.561
Austria,2018,1.5220933333333333,454991.174096,9.042304,2.1,5.10451385784107,5.15093378840152,4.933
Austria,2019,1.0197364166666667,444596.155845,-2.284664,1.5,2.35191569230773,4.03526794580915,4.56
Austria,2020,2.3315414999999997,435049.316956,-2.147306,1.4,-9.57386945682744,-10.4888890358844,5.201
Austria,2021,0.7824158333333333,479295.362747,10.170351,2.8,14.1153845064741,9.47670498999696,6.459
Austria,2022,10.719310333333333,470302.170937,-1.876337,8.6,7.08262455787722,9.99652382384733,4.992
Belgium,2012,3.10063175,496181.260258,-5.06352,2.6,-0.6253670306901,-0.668885526584745,7.542
Belgium,2013,3.4286677500000002,521642.714408,5.131482,1.2,-0.0369507924655181,0.280390334328473,8.425
Belgium,2014,-0.37286925,534678.075827,2.498906,0.5,5.42120707197311,5.31972100241968,8.523
Belgium,2015,1.209594,462149.679344,-13.564872,0.6,4.20073153503466,3.66974900432082,8.482
Belgium,2016,2.240766333333333,475739.588765,2.940586,1.8,7.77331042812423,6.14455725776403,7.83
Belgium,2017,1.2666983333333333,502764.720556,5.680656,2.2,5.36361461846684,5.51627729650733,7.09
Belgium,2018,2.1607999166666665,543299.066999,8.062289,2.3,2.33814858308395,1.54494881975641,5.941
Belgium,2019,0.7756653333333333,535865.80435,-1.368172,1.2,1.48581236502936,2.93656163408345,5.364
Belgium,2020,2.880569916666667,526264.230147,-1.791788,0.4,-6.72429398728684,-5.95786444713187,5.545
Belgium,2021,-0.38584941666666667,600748.812602,14.153457,3.2,12.8314438847927,14.6518070051912,6.248
Belgium,2022,8.79276675,582643.021606,-3.013871,10.3,5.84066528826897,5.78284200387186,5.57
Bulgaria,2012,3.02150825,54297.033606,-5.867129,2.4,5.37869718583408,2.03776462030444,12.27
Bulgaria,2013,2.8247664166666664,55819.259393,2.803515,0.4,4.33579791466792,9.63201421539324,12.941
Bulgaria,2014,-0.9733680833333332,57080.892245,2.26021,-1.6,5.18315612939553,3.05218606097948,11.424
Bulgaria,2015,0.3246463333333333,50765.926094,-11.063188,-1.1,4.73073136458066,6.47889881890009,9.143
Bulgaria,2016,-0.2195819166666667,53929.385148,6.231461,-1.3,5.02763230704572,8.61262016270479,7.575
Bulgaria,2017,3.989343,59167.655038,9.713201,1.2,7.30199464249353,5.74319723518823,6.164
Bulgaria,2018,2.1992505,66332.429782,12.109276,2.6,5.60439492241305,1.73336747506367,5.211
Bulgaria,2019,5.188106333333333,68883.302726,3.845589,2.5,5.37305620025575,3.99597901745277,4.23
Bulgaria,2020,5.38517075,70203.379297,1.916395,1.2,-4.21204119817645,-9.60900673715274,5.125
Bulgaria,2021,2.793370916666666,84037.671388,19.70602,2.8,10.6929669120834,11.5748627772022,5.267
Bulgaria,2022,21.900394083333335,90213.02141,7.348311,13.0,15.3433920115477,12.065399691161,4.268
Croatia,2012,3.7075418333333334,57492.708224,-9.526612,3.4,-2.3625043152862,-1.50461022286676,15.935
Croatia,2013,3.739474166666666,59159.283962,2.89876,2.3,3.28496605452722,2.60339522574593,17.251
Croatia,2014,-2.1851992499999997,58550.214852,-1.029542,0.2,3.43214771080164,7.27471663736394,17.29
Croatia,2015,0.3950673333333334,50356.970147,-13.993535,-0.3,9.27391296120474,10.2408990154512,16.175
Croatia,2016,-0.46884891666666667,52519.504076,4.294408,-0.6,6.50811297970533,7.04903687184219,13.103
Croatia,2017,2.9142507500000003,56448.881388,7.481748,1.3,8.4905788696604,6.94867396592784,11.208
Croatia,2018,0.9930450833333334,62470.101414,10.666677,1.6,7.42147642724495,3.60014261238742,8.432
Croatia,2019,-0.11659333333333333,62471.358758,0.002012,0.8,6.68008678614342,6.84303169624086,6.617
Croatia,2020,1.93326475,57606.772554,-7.786907,0.0,-12.3179246368806,-23.1939812210157,7.507
Croatia,2021,1.64549725,69193.052601,20.112704,2.7,17.2691376138095,32.734341013324,7.608
Croatia,2022,15.817972916666667,71552.026308,3.409263,10.7,26.4978250114215,26.9918599744603,6.96
Czechia,2012,6.9232959166666665,208857.719321,-9.019328,3.5,2.63772354665626,4.28116143497319,6.979
Czechia,2013,4.914723416666667,211685.616593,1.353982,1.4,0.062551226541089,0.25860507770507,6.953
Czechia,2014,2.03226275,209358.834156,-1.099169,0.4,10.0188834324278,8.72634203120278,6.108
Czechia,2015,-1.1038042499999998,188033.05046,-10.186236,0.3,6.56280589876445,5.91173316859567,5.048
Czechia,2016,-0.9148445000000001,196272.068576,4.381686,0.6,2.5679846897557,4.13744263673649,3.952
Czechia,2017,5.18512975,218628.940952,11.390755,2.4,6.03115610140318,7.10275452803137,2.893
Czechia,2018,1.3266573333333331,249000.540729,13.891847,2.0,5.51187709821215,3.50177596746688,2.246
Czechia,2019,2.8261655833333332,252548.179965,1.424751,2.6,1.29090667771582,1.31157012923498,2.015
Czechia,2020,4.55661175,245974.558654,-2.602918,3.3,-8.44583001350243,-8.51612580418225,2.55
Czechia,2021,0.8181943333333334,281791.218507,14.561123,3.3,13.6839755168698,8.15308945199496,2.803
Czechia,2022,16.694992583333335,290527.550627,3.100285,14.8,5.94813441086541,5.14899737013197,2.224
Denmark,2012,4.304187083333333,327148.943812,-4.899431,2.4,2.85043087797345,1.25947058668956,7.798
Denmark,2013,0.43455075000000004,343584.391648,5.023842,0.5,1.45831773589096,1.38962440104031,7.384
Denmark,2014,-0.8664941666666666,352993.631618,2.738552,0.4,4.06759757429846,3.01928719656838,6.925
Denmark,2015,1.03582075,302673.070847,-14.255374,0.2,4.06298434306973,3.23225705275851,6.278
Denmark,2016,0.10123458333333334,313115.929314,3.45021,0.0,4.28601244180572,3.66175325182229,5.989
Denmark,2017,2.804291166666667,332121.063806,6.069679,1.1,4.32235693752574,4.80574466596913,5.833
Denmark,2018,0.05025341666666668,356841.21641,7.443114,0.7,5.70522923058164,3.4041158338494,5.131
Denmark,2019,1.3922165,346498.737962,-2.898342,0.7,3.05333835154407,4.41706305963147,5.018
Denmark,2020,0.6389550833333334,354762.748339,2.385004,0.3,-3.9537429824868,-6.35977223572377,5.637
Denmark,2021,0.5815975,405687.998853,14.354734,1.9,9.49292153995545,8.81452960621105,5.043
Denmark,2022,11.483987416666666,400167.196949,-1.36085,8.5,4.38079765289056,7.1903033952218,4.434
Estonia,2012,3.8405570833333336,23020.466785,-0.703727,4.2,9.68814978625896,4.82627134978398,10.021
Estonia,2013,4.164388916666667,25108.615092,9.070833,3.2,2.44597762348933,2.80031737998212,8.631
Estonia,2014,0.027230083333333308,26598.657881,5.934388,0.5,2.61313082954931,2.6404130832827,7.352
Estonia,2015,-0.5350425,22881.558192,-13.974765,0.1,-2.13805858880407,-1.50582805716188,6.412
Estonia,2016,0.04611191666666666,24056.487771,5.134832,0.8,6.05835127684607,4.82569266228093,6.882
Estonia,2017,5.7197207500000005,26924.385103,11.921513,3.7,3.52012739350482,4.83204575814213,5.807
Estonia,2018,3.033735416666667,30624.720196,13.743433,3.4,6.4857975236708,2.89587457613816,5.412
Estonia,2019,3.029178,31081.901909,1.492851,2.3,3.67238844834536,5.03448669825302,4.514
Estonia,2020,2.1425381666666667,31370.395573,0.928172,-0.6,0.839436477169912,-4.11714011609945,6.956
Estonia,2021,1.8518688333333333,37191.166152,18.554979,4.5,22.7206993495181,22.1251817128583,6.178
Estonia,2022,19.818439583333333,38049.054525,2.306699,19.4,5.04204797513201,5.0417914329018,5.571
Finland,2012,5.15957975,258304.834622,-6.154133,3.2,1.12529211615441,0.236262140778749,7.689
Finland,2013,5.348543500000001,271285.280621,5.025243,2.2,0.127934606793616,1.16263748252392,8.193
Finland,2014,0.16192525,274497.230803,1.183975,1.2,-0.899725026291421,-1.79197898946147,8.663
Finland,2015,-1.869569,234440.080998,-14.592916,-0.2,2.1354320877094,0.243911559216727,9.376
Finland,2016,-1.1410175,240607.90701,2.630875,0.4,5.65826748606109,4.18694355804092,8.818
Finland,2017,-0.9126086666666667,255647.979916,6.250863,0.8,4.33597638941295,9.02768014618975,8.64
Finland,2018,1.9338005833333334,275708.001768,7.846735,1.2,5.83169345410212,1.71362375232719,7.361
Finland,2019,1.2134725833333333,268514.916973,-2.608951,1.1,2.37477945214759,6.8471872293691,6.695
Finland,2020,1.6641602500000001,271886.077382,1.255483,0.4,-6.12015670422691,-8.50108268445891,7.759
Finland,2021,0.57063575,296776.746826,9.154815,2.1,6.99526279269426,5.98323832441652,7.617
Finland,2022,10.497343833333334,282511.948123,-4.806576,7.2,9.25830464274917,4.43262224716906,6.719
France,2012,2.894216416666667,2683825.225093,-6.206139,2.2,0.330961831986826,2.64023274027012,9.841
France,2013,1.1527934166666667,2811077.725704,4.74146,1.0,2.74594428645294,2.60217335706534,9.913
France,2014,-0.83551975,2852165.76063,1.461647,0.6,4.26436616934076,2.74335225556877,10.273
France,2015,0.40420341666666665,2438207.896252,-14.513809,0.1,5.81940816310831,4.52537693872637,10.354
France,2016,0.5549391666666667,2471285.607082,1.35664,0.3,3.80056393340557,2.11205110339992,10.057
France,2017,1.0885883333333333,2595151.045198,5.012186,1.2,4.45376285349295,4.40647253917609,9.409
France,2018,1.9665671666666666,2790956.878747,7.545065,2.1,3.16058294939539,3.76728351267852,9.018
France,2019,2.4511853333333335,2728870.246706,-2.224565,1.3,1.93612581644666,2.07844648104829,8.415
France,2020,2.0256748333333334,2647418.691598,-2.984809,0.5,-12.2379249320294,-16.5720107719702,8.009
France,2021,0.6192115,2959355.819171,11.782689,2.1,8.26365391965132,11.3257253805046,7.874
France,2022,7.270286916666667,2775316.950606,-6.218883,5.9,8.80768859323764,8.22625735466116,7.308
Germany,2012,3.405025,3527344.94414,-5.797008,2.2,-0.404810422889042,2.58093758762068,5.372
Germany,2013,3.8611434166666663,3732743.446219,5.823034,1.6,1.76927679477679,0.474508250694839,5.316
Germany,2014,1.0423080833333334,3883920.155292,4.050016,0.8,3.46528849221907,4.3492590859109,4.979
Germany,2015,0.5985079166666667,3356235.70412,-13.586388,0.7,5.33605872109813,4.87317089783468,4.612
Germany,2016,0.8097311666666668,3467498.002104,3.315091,0.4,3.74003021914098,1.98715432273599,4.104
Germany,2017,2.7624968333333335,3690849.152518,6.441276,1.7,4.04155772902564,4.10352294453935,3.781
Germany,2018,2.29096775,3974443.35502,7.683711,1.9,4.99300979826427,2.48605696713213,3.384
Germany,2019,1.2042591666666667,3889177.589255,-2.145352,1.4,3.50960675270022,1.90001825513049,3.163
Germany,2020,2.1456448333333333,3887727.161914,-0.037294,0.4,-8.11357187149889,-9.48587965172655,3.881
Germany,2021,3.110361166666667,4278503.93469,10.051548,3.2,8.98000003428174,9.97999982237855,3.594
Germany,2022,12.533606749999999,4076923.618912,-4.711468,8.7,6.99210845284691,3.05510114771334,3.12
Greece,2012,1.5121654166666667,242043.155254,-14.359088,1.0,-5.49236178796176,2.03929646800631,24.731
Greece,2013,0.0022007500000000013,238839.792883,-1.323468,-0.9,-3.6096614448399,1.75550215260746,27.686
Greece,2014,-1.6766802500000002,235144.956104,-1.546994,-1.4,6.83721788485747,8.27884136993387,26.708
Greece,2015,1.8106456666666666,195604.861154,-16.815201,-1.1,8.17709731649438,5.23373515048466,24.981
Greece,2016,-0.20944691666666668,193017.042817,-1.322983,0.0,2.12984327298943,-0.395022732358598,23.514
Greece,2017,0.32035549999999996,199844.41844,3.537187,1.1,7.14852252265689,8.40511214669321,21.413
Greece,2018,0.40752016666666663,212049.459052,6.107271,0.8,8.25082755237932,9.23379089398541,19.179
Greece,2019,-0.104612,205252.770965,-3.205238,0.5,2.81981971742395,4.84015271814187,17.045
Greece,2020,1.36331,188480.337286,-8.1716,-1.3,-7.29548958850907,-21.5180563035904,15.899
Greece,2021,1.3678955000000002,214667.807441,13.894006,0.6,17.3732178167258,24.3717867213665,14.656
Greece,2022,11.746972833333333,217285.748966,1.219531,9.3,10.9643889159095,6.60696826090881,12.426
Hungary,2012,5.9887863333333335,128814.279315,-9.248821,5.7,-3.09276430281329,-1.70149658356102,11.003
Hungary,2013,2.6508945833333333,135684.315698,5.333287,1.7,4.15211875681098,4.07872345018477,10.177
Hungary,2014,-0.7938259166666667,141033.843266,3.942627,0.0,10.8882845969406,9.20207756769568,7.725
Hungary,2015,0.5574765,125174.166987,-11.245299,0.1,5.6712098098135,7.36277208359573,6.813
Hungary,2016,0.30706933333333336,128609.82275,2.7447,0.4,3.44619905586461,3.80221970077218,5.115
Hungary,2017,2.625489583333333,143112.19604,11.276256,2.4,8.41891185869261,6.47972932756515,4.156
Hungary,2018,4.022812333333333,160565.642984,12.195639,2.9,6.98382483900382,4.9904927550598,3.708
Hungary,2019,5.106915,164020.460332,2.151654,3.4,8.1863588375347,5.45703985365169,3.419
Hungary,2020,7.255009583333333,157227.094449,-4.14178,3.4,-3.88595315730865,-6.14189449546757,4.25
Hungary,2021,3.4575636666666667,182090.041757,15.813398,5.2,7.36365749362773,8.27219282441023,4.045
Hungary,2022,27.565409166666665,177337.436677,-2.610031,15.3,10.7215687066166,10.659838450726,3.609
Iceland,2012,6.0965576666666665,14751.508134,-3.088467,6.0,4.60371073975749,3.59810929017792,6.0
Iceland,2013,5.102720416666666,16125.060515,9.311267,4.1,0.105862029284481,6.80481012536897,5.376
Iceland,2014,0.5158445833333333,17867.662178,10.806791,1.0,10.0202775121112,3.8886644805856,4.897
Iceland,2015,2.84246875,17517.210519,-1.961374,0.3,13.5418964667844,8.94779484867129,3.979
Iceland,2016,1.326299,20793.168031,18.701365,0.8,14.6029663401965,10.9512643372162,2.978
Iceland,2017,-2.41054275,24728.285177,18.925048,-1.7,11.8305898737312,5.07969667914701,2.742
Iceland,2018,2.496901,26260.850582,6.197621,0.7,-0.907562934775044,0.422232511817057,2.704
Iceland,2019,3.8156313333333336,24681.343649,-6.014684,2.0,-9.08832231667024,-5.34923456229886,3.507
Iceland,2020,4.902856583333333,21565.767851,-12.623202,1.2,-20.6353742081164,-30.6876614553334,5.478
Iceland,2021,3.557152,25595.94017,18.687822,3.7,20.5442851264881,14.7635164787262,6.029
Iceland,2022,7.222750333333334,28064.529851,9.644457,5.7,20.1492448926872,22.1215990671617,3.789
Ireland,2012,0.5662574166666666,225131.596459,-5.746545,1.9,-1.01492653843532,-0.822203010534196,15.451
Ireland,2013,1.0613844166666666,238044.800251,5.735846,0.5,2.89707723516872,5.85430854638122,13.735
Ireland,2014,-2.2444309166666665,259336.47983,8.9444,0.3,14.9061114076366,14.9214207529198,11.858
Ireland,2015,-2.1331001666666665,292246.67331,12.690151,0.0,34.282468753939,41.0219478252143,9.908
Ireland,2016,-1.3350829166666667,298356.592195,2.090671,-0.2,16.8011437973107,4.4223319513244,8.374
Ireland,2017,-2.0702011666666666,337241.812451,13.033135,0.3,5.23040836101332,12.150612936879,6.713
Ireland,2018,-2.02543775,386693.359055,14.663527,0.7,-1.62151493193586,5.38125816485915,5.741
Ireland,2019,-0.6657775,398933.010007,3.165208,0.9,40.6245815110402,10.4808517538025,4.95
Ireland,2020,-1.4110118333333332,428608.68783,7.438762,-0.5,0.0170720152997887,13.8089774299118,5.623
Ireland,2021,-0.247417,513391.778883,19.781001,2.4,-8.74754674174399,14.0646815870258,6.364
Ireland,2022,6.885271666666667,532415.762408,3.705548,8.1,16.0497073536515,13.4940311642314,4.501
Italy,2012,2.5300580833333335,2087077.032435,-8.940437,3.3,-8.16061116786109,1.83302011782143,10.655
Italy,2013,2.3669866666666666,2141315.327318,2.598768,1.2,-2.69533401447968,0.247798194830565,12.149
Italy,2014,0.11821508333333335,2159133.919744,0.832133,0.2,3.61331845119837,2.5405111041124,12.683
Italy,2015,1.0924413333333334,1835899.23732,-14.970572,0.1,6.32357907628361,3.98565683154179,11.896
Italy,2016,0.19412675,1875797.463584,2.173225,-0.1,3.92603643168576,2.33805004552821,11.688
Italy,2017,1.8801685833333333,1961796.197354,4.584649,1.3,5.81635424487101,5.36754514150547,11.211
Italy,2018,1.2306518333333334,2091932.426267,6.633524,1.2,2.96301421719517,2.1295915598849,10.61
Italy,2019,0.7669153333333334,2011302.198827,-3.854342,0.6,-1.12535620147121,1.22605710007345,9.951
Italy,2020,1.401002,1897461.635592,-5.660043,-0.1,-12.4805686437407,-13.7093790297645,9.164
Italy,2021,0.5813208333333334,2155360.298998,13.591772,1.9,15.9513155276099,14.0855222948471,9.497
Italy,2022,9.1272115,2046952.679267,-5.029676,8.7,12.8807757054004,9.87202560949538,8.069
Latvia,2012,2.319194083333333,28175.715971,1.673869,2.3,5.21857465687611,9.48502020935815,15.047
Latvia,2013,1.31096425,30200.881938,7.187629,0.0,-0.127348967668667,0.659294478650494,11.867
Latvia,2014,-0.26891225,31345.148671,3.788852,0.7,2.99891912028245,6.56065275841704,10.846
Latvia,2015,-1.2574016666666668,27252.128627,-13.057906,0.2,1.01335763139392,3.05524396623076,9.873
Latvia,2016,1.0787288333333334,28064.533352,2.981068,0.1,4.1897021509927,3.89264631963555,9.643
Latvia,2017,5.5984765,30483.806018,8.620391,2.9,8.56351532525717,6.4554249972423,8.715
Latvia,2018,0.5800668333333333,34429.023435,12.94201,2.6,6.32887040044814,4.36305693258801,7.412
Latvia,2019,2.9172588333333334,34225.547537,-0.591002,2.7,2.0274606037332,-0.57016848392081,6.312
Latvia,2020,2.4010515,34390.910339,0.483156,0.1,-1.12277830433685,-0.297624800226373,8.098
Latvia,2021,2.2540888333333333,39443.126174,14.690555,3.2,15.1399510079673,9.09254440454899,7.513
Latvia,2022,21.535991666666664,40876.42552,3.633838,17.2,9.91278558676876,11.4199534118506,6.815
Lithuania,2012,3.0654730000000003,42943.442158,-1.46575,3.2,5.16969908577607,10.8475302526645,13.365
Lithuania,2013,1.6684728333333334,46514.471182,8.315656,1.2,5.81138755134216,7.26975657268045,11.77
Lithuania,2014,0.7685318333333333,48574.531942,4.428859,0.2,-1.81078812697501,-1.82267322645454,10.698
Lithuania,2015,-0.8609206666666668,41418.872976,-14.731298,-0.7,9.50237550619582,2.42251174032285,9.12
Lithuania,2016,1.2362125833333333,43018.087238,3.861076,0.7,4.04429160546367,4.92767799771097,7.862
Lithuania,2017,3.566523833333333,47758.736932,11.020131,3.7,11.1969007462446,13.531160616336,7.073
Lithuania,2018,1.4510961666666666,53751.411409,12.547807,2.5,5.94008948228493,6.84003514227605,6.147
Lithuania,2019,2.939666416666667,54808.531641,1.966683,2.2,6.09650116866507,10.0413862143742,6.255
Lithuania,2020,2.2702986666666667,56964.942999,3.934444,1.1,-4.33683181558622,0.0680541736618068,8.487
Lithuania,2021,2.790517916666667,66798.933786,17.263232,4.6,19.1743341936537,16.5849057692038,7.112
Lithuania,2022,26.171569083333335,70878.074438,6.106595,18.9,12.7018143973721,12.3878747843508,5.955
Luxembourg,2012,2.565887,59779.802783,-2.97935,2.9,1.76035951765104,1.6189231562564,5.03
Luxembourg,2013,3.6494289166666665,65184.744717,9.041418,1.7,6.22942450501476,6.31616890295092,6.045
Luxembourg,2014,0.5686411666666666,68713.294386,5.413152,0.7,8.23616635309263,6.51614129619563,6.044
Luxembourg,2015,0.7719944166666667,60047.430684,-12.611627,0.1,5.70765023577965,5.13941193664402,6.796
Luxembourg,2016,1.5288869166666668,62174.650367,3.542565,0.0,3.75199298336153,5.30880657555389,6.669
Luxembourg,2017,2.8174421666666665,65712.180343,5.689666,2.1,0.753525836578021,-0.226858160991469,5.523
Luxembourg,2018,2.210516166666667,71000.35976,8.047487,2.0,3.45757650972966,3.52805836112509,5.589
Luxembourg,2019,1.4057308333333334,69890.505324,-1.563168,1.6,7.44641865988238,6.03821535500512,5.592
Luxembourg,2020,2.727798,73699.3667,5.449755,0.0,1.44929106581479,1.9021400020742,6.766
Luxembourg,2021,0.8992403333333333,85584.105994,16.125972,3.5,13.3940379009418,11.341861233142,5.571
Luxembourg,2022,7.001575916666667,81530.900728,-4.735933,8.2,2.40551172581812,1.47130245607248,4.588
Malta,2012,4.696652666666666,9462.367398,-1.701128,3.2,8.12356171732715,7.52639124201747,6.197
Malta,2013,4.813116833333333,10547.969395,11.472837,1.0,-2.54488476855781,2.36349312162901,6.106
Malta,2014,0.5273334166666667,11610.37964,10.072177,0.8,2.12497990245994,6.09200165768753,5.725
Malta,2015,2.9677824166666666,11087.007866,-4.507793,1.2,32.0406181942221,24.0401785714286,5.389
Malta,2016,2.1543325833333333,11660.055759,5.168643,0.9,6.71177616151981,8.06820226741047,4.687
Malta,2017,3.4822555000000004,13484.552331,15.647408,1.3,9.16209648134527,15.9924067706295,4.002
Malta,2018,2.912773416666667,15404.370626,14.237167,1.7,16.390450276785,13.1902523059254,3.658
Malta,2019,3.6220387499999998,15992.365057,3.817062,1.5,10.5565937488549,7.19254745039348,3.616
Malta,2020,1.9025306666666666,15252.6584,-4.625374,0.8,7.79384339280725,6.01497682539207,4.347
Malta,2021,2.3495084166666667,18087.174466,18.583751,0.7,-2.8201435520164,-0.406703704840353,3.394
Malta,2022,10.453786166666667,18100.97678,0.076309,6.1,18.3733118914449,13.7225945125806,2.921
Montenegro,2012,4.176705083333333,4087.759419,-9.931135,-0.1,0.640149480037394,-0.340236786717881,19.808
Montenegro,2013,3.9627048333333335,4464.502433,9.216369,-0.1,-3.11745718445999,-1.33935525239282,19.585
Montenegro,2014,-1.3896519999999999,4587.741791,2.760427,-0.1,1.56655404507194,-0.715364706477445,18.054
Montenegro,2015,2.9163359166666667,4053.097851,-11.65375,-0.1,4.39389141049536,5.74300149368369,17.555
Montenegro,2016,-0.8199754166666667,4373.958354,7.916426,-0.1,15.3182737607664,5.94209743673227,17.732
Montenegro,2017,1.7427485,4856.602179,11.034486,2.7,8.42735648385606,1.79355604233864,16.082
Montenegro,2018,0.43115575,5506.944403,13.390889,2.6,9.23757742054845,6.89476605653634,15.19
Montenegro,2019,3.120817,5542.201487,0.640229,0.5,2.71939167987456,5.80051737185232,15.128
Montenegro,2020,1.6064438333333333,4780.72235,-13.739651,-0.5,-20.0778957903752,-47.6437587573837,17.878
Montenegro,2021,3.5346108333333333,5860.615434,22.588491,2.5,13.6915280129719,81.8606363313148,16.543
Montenegro,2022,22.530832916666668,6229.804634,6.299495,11.9,21.3398337134778,22.6855125896171,14.851
Macedonia,2012,2.3209139166666666,9745.267306,-7.140438,1.8,8.23907750264161,1.95193522026595,31.096
Macedonia,2013,3.441807666666667,10817.71203,11.004774,2.7,2.16804468514967,6.09405835382699,29.017
Macedonia,2014,-0.9531045833333334,11362.256666,5.033824,0.0,14.1467812157267,16.4794157542596,28.215
Macedonia,2015,0.06934708333333332,10064.513038,-11.421531,0.1,9.94522592033191,8.47558398930785,26.395
Macedonia,2016,-1.2995871666666667,10672.464612,6.040546,0.2,11.1261176268078,9.08123190933263,24.312
Macedonia,2017,0.25751274999999996,11307.06119,5.94611,2.1,5.23827680502352,8.34679478927458,22.857
Macedonia,2018,0.8256110833333333,12683.068033,12.169447,2.3,10.7331999196121,12.8051327847427,21.208
Macedonia,2019,1.6193085833333332,12606.336156,-0.604995,0.7,10.0826674437509,8.87670264778933,17.414
Macedonia,2020,2.4217459166666666,12361.040197,-1.945815,1.2,-10.8612562405666,-10.9319169784707,16.575
Macedonia,2021,3.124120583333333,14000.274732,13.261299,3.4,14.796444685263,14.278456708804,15.801
Macedonia,2022,20.71967675,13711.462103,-2.062907,14.0,13.6002414472311,10.6003329562282,14.476
Norway,2012,1.2145751666666667,512777.309841,2.277155,0.4,2.93470566329385,2.05611302536974,3.129
Norway,2013,1.0582944166666666,526014.468085,2.581463,2.0,5.04321297933193,-1.65125021493293,3.425
Norway,2014,3.1008488333333335,501736.471833,-4.615462,1.9,2.17953018615837,3.83392755311756,3.486
Norway,2015,2.8863184166666667,388159.512246,-22.636776,2.0,1.88282120794774,3.92621459776939,4.296
Norway,2016,2.5709091666666666,370949.292658,-4.433801,3.9,1.93256527346435,0.387751620448242,4.68
Norway,2017,0.02947608333333331,401745.275035,8.301938,1.9,1.84083128790635,1.59550425093187,4.164
Norway,2018,2.5375074166666667,439788.625884,9.46952,3.0,1.39032445093763,-1.53739843448682,3.801
Norway,2019,1.0652326666666667,408742.840909,-7.059252,2.3,5.33611682029753,2.11568385913834,3.684
Norway,2020,3.2659213333333335,367633.418887,-10.057528,1.2,-9.85472404085171,-2.32867094738384,4.424
Norway,2021,-2.0160251666666666,490293.364377,33.364743,3.9,1.82329555161196,6.09120517316377,4.359
Norway,2022,6.541326583333333,579422.44951,18.178725,6.2,13.2593200298887,5.24944874846942,3.231
Poland,2012,4.167252,495230.574357,-5.557796,3.7,-0.908426835635836,3.92000537548776,10.031
Poland,2013,1.8421668333333334,515762.008469,4.145833,0.8,1.76081307545255,5.06049835860387,10.293
Poland,2014,-0.9578540833333333,539080.532037,4.521178,0.1,9.20230503500005,5.49759785345422,8.971
Poland,2015,-1.6482319166666668,477111.287969,-11.49536,-0.7,5.60191594770745,6.6086974119078,7.475
Poland,2016,0.9298795833333333,470024.559638,-1.485341,-0.2,7.7346596388975,8.95924632654497,6.141
Poland,2017,4.314900333333333,524641.206562,11.619955,1.6,9.83566558175093,9.09199036434809,4.867
Poland,2018,2.5945446666666667,588779.850763,12.225239,1.2,7.54779393336335,6.75736767424607,3.835
Poland,2019,4.808869416666666,596058.473059,1.236221,2.1,3.22144361426456,5.33745531975404,3.267
Poland,2020,4.620430166666666,599442.783603,0.567781,3.7,-2.46062076663621,-1.07566234288548,3.155
Poland,2021,3.0767636666666665,681346.136418,13.663247,5.2,16.3104697885027,12.303167738778,3.268
Poland,2022,15.37839975,688125.010515,0.994923,13.2,6.79996839006334,7.40565016437485,2.811
Portugal,2012,3.20096925,216236.608774,-11.667052,2.8,-6.29752704033599,3.08840494019637,15.531
Portugal,2013,1.9431203333333336,226369.502104,4.686021,0.4,4.70732336760085,7.25966935075878,16.188
Portugal,2014,-1.3340690833333333,229596.170847,1.425399,-0.2,8.00804758034728,4.30353808531238,13.897
Portugal,2015,1.0186616666666668,199313.894327,-13.189365,0.5,8.06564197719852,6.25225147303532,12.447
Portugal,2016,0.48892891666666666,206286.022782,3.498064,0.6,5.22051394241811,4.71166935649117,11.068
Portugal,2017,1.53896825,221357.874719,7.306288,1.6,8.02852752931071,8.39056022440997,8.869
Portugal,2018,0.7385203333333333,242313.116578,9.46668,1.2,4.90679126094457,4.29682054211177,6.994
Portugal,2019,0.31693116666666665,239986.922639,-0.959996,0.3,5.06293893279874,4.0044109420303,6.464
Portugal,2020,2.0876920833333332,229031.860521,-4.564858,-0.1,-11.5903765681704,-18.3346612609226,6.801
Portugal,2021,0.7401026666666667,255534.839406,11.571743,0.9,12.2588437563185,12.0345448786013,6.577
Portugal,2022,12.958416083333333,254849.986507,-0.268008,8.1,11.2655646364884,17.1528640579488,6.011
Romania,2012,1.9530653333333332,179132.979644,-6.998722,3.4,-1.97846837404838,1.05999399689563,6.794
Romania,2013,3.0192125,189789.307625,5.948836,3.2,8.83548317171459,20.7343029575759,7.096
Romania,2014,-1.6128911666666665,199713.660827,5.229142,1.4,8.83963104933245,8.53596873996945,6.802
Romania,2015,-3.8277967499999996,177883.99767,-10.930481,-0.4,8.50784341825317,4.58319464846741,6.812
Romania,2016,-2.4127530833333335,185287.516783,4.161992,-1.1,16.5883171432659,16.3395931219297,5.901
Romania,2017,2.4840845833333334,210147.255084,13.416844,1.1,11.4669107497888,7.76517853120917,4.927
Romania,2018,3.7545994166666667,243316.152002,15.783645,4.1,8.85958191966729,5.26212664755774,4.187
Romania,2019,4.6936825,251016.712188,3.164837,3.9,8.81182899943266,5.35902643629188,3.912
Romania,2020,4.806616083333333,251362.416279,0.137721,2.3,-5.20694216717411,-9.46088929807445,5.035
Romania,2021,3.2483299166666666,285810.315473,13.704474,4.1,14.5659265711967,12.637277816564,5.59
Romania,2022,15.608602833333334,300690.523038,5.206322,12.0,9.25137663652202,9.30711906794066,5.614
Serbia,2012,6.989851416666666,43309.253216,-12.076955,7.4,1.47023637873318,2.8574665998822,24.0
Serbia,2013,7.96024375,48394.267329,11.741172,7.7,7.17574190319161,18.0402686253208,22.154
Serbia,2014,-0.8899171666666668,47062.201828,-2.752528,2.3,5.05989343628681,4.26740407068064,19.223
Serbia,2015,1.9613187500000002,39655.949761,-15.737156,1.5,6.84984819925785,9.04236504259555,17.66
Serbia,2016,-0.294121,40692.661514,2.614265,1.3,6.36922681291014,10.8855972050591,15.257
Serbia,2017,3.2885500833333334,44179.075315,8.567672,3.3,10.2879411302045,7.8637676636572,13.477
Serbia,2018,1.8681733333333332,50640.663278,14.625901,2.0,11.1080791682506,9.04312531210374,12.733
Serbia,2019,2.5683235,51514.242853,1.725055,1.9,9.84665607878472,7.25188317026613,10.395
Serbia,2020,2.552921083333333,53356.484451,3.576179,1.8,-3.97582471688386,-4.5852598634585,9.011
Serbia,2021,4.4740165,63082.0208,18.227468,4.0,17.6747705567845,20.4275168698308,9.843
Serbia,2022,18.696990916666667,63563.40874,0.763114,11.7,16.1509483444826,17.0313592368997,8.439
Slovakia,2012,4.198574833333333,94629.143637,-5.173547,3.7,2.21044615922735,9.21016484852932,13.966
Slovakia,2013,3.5398125,98907.1033,4.520763,1.5,5.02287193258708,5.3815272876617,14.226
Slovakia,2014,-0.7963503333333333,101302.123266,2.421484,-0.1,4.08328014716646,3.30124279627275,11.536
Slovakia,2015,-0.28152950000000004,88865.137939,-12.277123,-0.3,9.13855650317319,6.75241976116079,11.492
Slovakia,2016,-2.7762161666666665,89891.636384,1.155119,-0.5,4.64697567836232,4.9024797473985,9.679
Slovakia,2017,3.979128333333333,95649.966261,6.405857,1.4,3.7914460868196,3.64169143263635,8.142
Slovakia,2018,3.917684166666667,106137.924016,10.964936,2.5,5.02753523017336,5.47642478511412,6.544
Slovakia,2019,4.005777666666667,105711.680181,-0.401595,2.8,2.35670289876391,1.35655513267361,5.761
Slovakia,2020,2.5313422500000002,106731.482855,0.964701,2.0,-7.90314968484945,-6.35535306900033,6.719
Slovakia,2021,1.8504979166666669,118576.482543,11.097943,2.8,11.6503915753348,10.6610735067332,6.894
Slovakia,2022,18.529643,115304.861561,-2.759081,12.1,4.16034463266072,2.76942437041711,6.143
Slovenia,2012,4.106465833333333,46580.45747,-9.581245,2.8,-3.17470486314994,0.746699874372567,8.841
Slovenia,2013,3.6045734166666663,48401.896808,3.910307,1.9,1.77105719354253,2.79564702877457,10.103
Slovenia,2014,-0.2990926666666667,49930.685013,3.158529,0.4,3.96613982387358,5.83055857684327,9.668
Slovenia,2015,0.8371949166666667,43090.173395,-13.700016,-0.8,5.27285170580167,5.43043168283323,8.962
Slovenia,2016,0.9210533333333334,44736.333522,3.820268,-0.2,6.62698109507616,6.43041164410103,8.0
Slovenia,2017,2.2278396666666667,48589.100043,8.612164,1.6,10.6717196898689,11.0703767176082,6.564
Slovenia,2018,2.6775947500000004,54177.882426,11.502131,1.9,7.08674598583599,6.15538029466998,5.108
Slovenia,2019,1.6033960833333334,54386.654314,0.385345,1.7,4.66894458850587,4.48061530743493,4.446
Slovenia,2020,3.5238710833333333,53734.526854,-1.199058,-0.3,-9.1173783805495,-8.53073565492291,4.971
Slovenia,2021,-0.18281325,61832.201544,15.069779,2.0,17.7863790982785,14.4759998032978,4.744
Slovenia,2022,12.222883833333334,59981.881632,-2.992486,9.3,9.18540425107368,6.76580973455722,4.011
Spain,2012,2.3261203333333333,1324826.515505,-10.41041,2.4,-5.8645777863204,0.945520064761965,24.789
Spain,2013,2.7926610833333334,1355194.25986,2.292205,1.5,-0.278827518568974,4.28952873736196,26.094
Spain,2014,-0.3411028333333333,1369995.874783,1.092213,-0.2,6.80287864445921,4.50592147043234,24.441
Spain,2015,1.17526,1195676.021494,-12.724116,-0.6,5.09169194022346,4.35144592760304,22.057
Spain,2016,1.4042190833333335,1232717.585352,3.097959,-0.3,2.64574473811703,5.39246093751531,19.635
Spain,2017,1.23159175,1313245.330198,6.532538,2.0,6.69574312493262,5.60718128988957,17.224
Spain,2018,1.6476929166666665,1421702.715218,8.258729,1.7,3.88842619772538,1.6613813302077,15.255
Spain,2019,1.03393775,1394320.055129,-1.926047,0.8,1.31842136389324,2.26451561405403,14.104
Spain,2020,2.358350666666667,1278128.867875,-8.33318,-0.3,-15.1484806898574,-20.0990304403761,15.532
Spain,2021,1.8482375833333335,1445651.653605,13.106877,3.0,14.9811359981411,13.3880504131367,14.781
Spain,2022,11.607164833333334,1415874.440909,-2.059778,8.3,7.74334047724143,14.3132039090971,12.917
Sweden,2012,1.48518175,552483.727283,-3.764259,0.9,0.551147221878011,0.708045798045973,7.976
Sweden,2013,2.209876,586841.821797,6.218842,0.4,0.874983124573475,-0.126886806256877,8.052
Sweden,2014,0.3735731666666666,581964.017237,-0.831196,0.2,6.50278131969797,3.91869590576997,7.954
Sweden,2015,2.3298215,505103.78135,-13.207043,0.7,5.77504269878206,5.10649617347956,7.432
Sweden,2016,1.0590720833333334,515654.67147,2.088855,1.1,5.46202917252947,3.21720322995867,6.99
Sweden,2017,2.143090583333333,541018.749769,4.91881,1.9,4.43990754649417,3.2496742577564,6.718
Sweden,2018,2.3749595833333332,555455.371487,2.668414,2.0,4.08383081844836,4.44469036636244,6.365
Sweden,2019,2.80679375,533879.529188,-3.884353,1.7,2.02300035128467,6.90374923205022,6.833
Sweden,2020,2.13570775,547054.174236,2.467718,0.7,-6.25817408381538,-5.46912120834438,8.291
Sweden,2021,0.4165775,639714.956069,16.938136,2.7,12.8222498792215,11.9327790082447,8.722
Sweden,2022,11.291854749999999,591188.594777,-7.585623,8.1,9.66468055111953,6.18662717259599,7.392
Switzerland,2012,-0.9659953333333333,686420.221558,-4.116273,-0.7,-2.10733954909182,0.688026054823027,4.491
Switzerland,2013,1.2231314166666667,706234.937371,2.886674,0.1,12.2687060505169,14.1719610588468,4.747
Switzerland,2014,0.9210523333333334,726537.808338,2.874804,0.0,-6.76375356746919,-5.03425096171786,4.826
Switzerland,2015,-0.7960815833333333,694118.18638,-4.462208,-0.8,4.95156375676274,4.02377704558216,4.801
Switzerland,2016,0.39054458333333336,687895.460903,-0.896494,-0.5,5.28586085977294,5.97768299554156,4.918
Switzerland,2017,0.4186701666666666,695200.833086,1.061988,0.6,-0.387211786395937,-0.37695249336042,4.797
Switzerland,2018,1.26219675,725568.717468,4.368217,0.9,0.750562833223285,3.37286431778006,4.713
Switzerland,2019,0.11774208333333334,721320.891462,-0.585448,0.4,0.278380730598627,-0.678189133502485,4.394
Switzerland,2020,0.09119758333333333,741999.406006,2.866756,-0.8,-3.18014901940647,-5.24019229102475,4.817
Switzerland,2021,-1.5857381666666666,813408.787222,9.623913,0.5,5.83274479344904,13.7453769457978,5.013
Switzerland,2022,1.66101925,818426.550206,0.61688,2.7,5.78823386594622,6.10381113426672,4.122
